Danwon-gu,Ansan,South Korea
Sangnok-gu,Ansan,South Korea
Dongan-gu,Anyang,South Korea
Manan-gu,Anyang,South Korea
Buk District,Busan,South Korea
Busanjin District,Busan,South Korea
Dong District,Busan,South Korea
Dongnae District,Busan,South Korea
Gangseo District,Busan,South Korea
Geumjeong District,Busan,South Korea
Haeundae District,Busan,South Korea
Jung District,Busan,South Korea
Nam District,Busan,South Korea
Saha District,Busan,South Korea
Sasang District,Busan,South Korea
Seo District,Busan,South Korea
Suyeong District,Busan,South Korea
Yeongdo District,Busan,South Korea
Yeonje District,Busan,South Korea
Jinhae-gu,Changwon,South Korea
Masanhappo-gu,Changwon,South Korea
Masanhoewon-gu,Changwon,South Korea
Seongsan-gu,Changwon,South Korea
Uichang-gu,Changwon,South Korea
Heungdeok-gu,Cheongju,South Korea
Sangdang-gu,Cheongju,South Korea
Cheongwon-gu,Cheongju,South Korea
Seowon-gu,Cheongju,South Korea
Dongnam-gu,Cheonan,South Korea
Seobuk-gu,Cheonan,South Korea
Jung District,Daegu,South Korea
Dong District,Daegu,South Korea
Seo District,Daegu,South Korea
Nam District,Daegu,South Korea
Buk District,Daegu,South Korea
Suseong District,Daegu,South Korea
Dalseo District,Daegu,South Korea
Daedeok District,Daejeon,South Korea
Dong District,Daejeon,South Korea
Jung District,Daejeon,South Korea
Seo District,Daejeon,South Korea
Yuseong District,Daejeon,South Korea
Deogyang-gu,Goyang,South Korea
Ilsandong-gu,Goyang,South Korea
Ilsanseo-gu,Goyang,South Korea
Buk District,Gwangju,South Korea
Dong District,Gwangju,South Korea
Gwangsan District,Gwangju,South Korea
Nam District,Gwangju,South Korea
Seo District,Gwangju,South Korea
Bupyeong District,Incheon,South Korea
Dong District,Incheon,South Korea
Gyeyang District,Incheon,South Korea
Jung District,Incheon,South Korea
Nam District,Incheon,South Korea
Namdong District,Incheon,South Korea
Seo District,Incheon,South Korea
Yeonsu District,Incheon,South Korea
Deokjin-gu,Jeonju,South Korea
Wansan-gu,Jeonju,South Korea
Buk-gu,Pohang,South Korea
Nam-gu,Pohang,South Korea
Bundang-gu,Seongnam,South Korea
Jungwon-gu,Seongnam,South Korea
Sujeong-gu,Seongnam,South Korea
Dobong District,Seoul,South Korea
Dongdaemun District,Seoul,South Korea
Dongjak District,Seoul,South Korea
Eunpyeong District,Seoul,South Korea
Gangbuk District,Seoul,South Korea
Gangdong District,Seoul,South Korea
Gangnam District,Seoul,South Korea
Gangseo District,Seoul,South Korea
Geumcheon District,Seoul,South Korea
Guro District,Seoul,South Korea
Gwanak District,Seoul,South Korea
Gwangjin District,Seoul,South Korea
Jongno District,Seoul,South Korea
Jung District,Seoul,South Korea
Jungnang District,Seoul,South Korea
Mapo District,Seoul,South Korea
Nowon District,Seoul,South Korea
Seocho District,Seoul,South Korea
Seodaemun District,Seoul,South Korea
Seongbuk District,Seoul,South Korea
Seongdong District,Seoul,South Korea
Songpa District,Seoul,South Korea
Yangcheon District,Seoul,South Korea
Yeongdeungpo District,Seoul,South Korea
Yongsan District,Seoul,South Korea
Gwonseon-gu,Suwon,South Korea
Jangan-gu,Suwon,South Korea
Paldal-gu,Suwon,South Korea
Yeongtong-gu,Suwon,South Korea
Buk District,Ulsan,South Korea
Dong District,Ulsan,South Korea
Jung District,Ulsan,South Korea
Nam District,Ulsan,South Korea
Cheoin-gu,Yongin,South Korea
Giheung-gu,Yongin,South Korea
Suji-gu,Yongin,South Korea
